,count,mean,std,min,5%,25%,50%,75%,95%,max
len_chars,36696.0,69.77719642467844,38.440620816214945,1.0,29.0,43.0,60.0,86.0,145.0,586.0
len_words,36696.0,15.357831916285154,8.12121063077895,1.0,6.0,10.0,13.0,19.0,31.0,177.0
num_digits,36696.0,4.719397209505123,4.609987655646142,0.0,0.0,1.0,4.0,7.0,13.0,101.0
num_mathops,36696.0,1.0014442991061696,1.654262155704743,0.0,0.0,0.0,0.0,2.0,4.0,49.0
